{"aaa": 11.477029085159302, "bbb": 7.897187948226929, "\ub8f0\ub8e8": 9.180628538131714, "\ud558\ud558": 6.158979415893555, "fff": 8.188024282455444}